{"cameraMode":{"drawMode":0,"name":"Shaded","section":"Shading Mode"},"sceneLighting":false,"audioPlay":false,"sceneViewState":{"showFog":true,"showMaterialUpdate":false,"showSkybox":false,"showFlares":true,"showImageEffects":true,"showParticleSystems":true,"showVisualEffectGraphs":true,"m_FxEnabled":true},"in2DMode":false,"pivot":{"x":-0.3405912220478058,"y":0.6275090575218201,"z":-0.6073004603385925},"rotation":{"x":0.05980899557471275,"y":-0.9407803416252136,"z":0.21409620344638825,"w":0.2566096782684326},"size":0.7794228196144104,"orthographic":false}