{"cameraMode":{"drawMode":0,"name":"Shaded","section":"Shading Mode"},"sceneLighting":true,"audioPlay":false,"sceneViewState":{"showFog":true,"showMaterialUpdate":false,"showSkybox":true,"showFlares":true,"showImageEffects":true,"showParticleSystems":true,"showVisualEffectGraphs":true,"m_FxEnabled":true},"in2DMode":false,"pivot":{"x":674.6500244140625,"y":158.61253356933595,"z":663.2838745117188},"rotation":{"x":-0.022007331252098085,"y":-0.9712419509887695,"z":0.10465732961893082,"w":-0.21364445984363557},"size":11.925186157226563,"orthographic":false}